{"G_watts_500_6_0.4_0.txt": {"Nodes": 500, "Edges": 1500, "p": 0.012024048096192385, "Average Clustering Coefficient": 0.14025036075036101, "Pearson Degree Correlation": -0.04693330318057732, "Diameter": 6, "Average Shortest Path": 3.946693386773547, "Average Degree": 127.75, "Eigen Vector Centrality": 0.04254613812023621, "is connected": true}, "G_watts_500_6_0.4_1.txt": {"Nodes": 500, "Edges": 1500, "p": 0.012024048096192385, "Average Clustering Coefficient": 0.14236825396825428, "Pearson Degree Correlation": -0.03307975664101494, "Diameter": 7, "Average Shortest Path": 3.947190380761523, "Average Degree": 127.75, "Eigen Vector Centrality": 0.04239567202184945, "is connected": true}, "G_watts_500_6_0.4_2.txt": {"Nodes": 500, "Edges": 1500, "p": 0.012024048096192385, "Average Clustering Coefficient": 0.12458528138528159, "Pearson Degree Correlation": -0.073006704651986, "Diameter": 6, "Average Shortest Path": 3.9438396793587174, "Average Degree": 127.75, "Eigen Vector Centrality": 0.04218636699891711, "is connected": true}, "G_watts_500_6_0.4_3.txt": {"Nodes": 500, "Edges": 1500, "p": 0.012024048096192385, "Average Clustering Coefficient": 0.15495512265512298, "Pearson Degree Correlation": -0.03026888975263455, "Diameter": 7, "Average Shortest Path": 3.9773066132264527, "Average Degree": 127.75, "Eigen Vector Centrality": 0.04164565673012848, "is connected": true}, "G_watts_500_6_0.4_4.txt": {"Nodes": 500, "Edges": 1500, "p": 0.012024048096192385, "Average Clustering Coefficient": 0.13959884559884592, "Pearson Degree Correlation": -0.0679619657097617, "Diameter": 6, "Average Shortest Path": 3.9549899799599197, "Average Degree": 127.75, "Eigen Vector Centrality": 0.0427139421333455, "is connected": true}, "G_watts_500_6_0.4_5.txt": {"Nodes": 500, "Edges": 1500, "p": 0.012024048096192385, "Average Clustering Coefficient": 0.1435111111111113, "Pearson Degree Correlation": -0.050024951087946634, "Diameter": 6, "Average Shortest Path": 3.9638476953907817, "Average Degree": 127.75, "Eigen Vector Centrality": 0.0426782065346455, "is connected": true}, "G_watts_500_6_0.4_6.txt": {"Nodes": 500, "Edges": 1500, "p": 0.012024048096192385, "Average Clustering Coefficient": 0.1399489177489181, "Pearson Degree Correlation": -0.07090128747237233, "Diameter": 6, "Average Shortest Path": 3.94262124248497, "Average Degree": 127.75, "Eigen Vector Centrality": 0.04272973720742054, "is connected": true}, "G_watts_500_6_0.4_7.txt": {"Nodes": 500, "Edges": 1500, "p": 0.012024048096192385, "Average Clustering Coefficient": 0.13573492063492099, "Pearson Degree Correlation": -0.06995451112633264, "Diameter": 7, "Average Shortest Path": 3.9393987975951905, "Average Degree": 127.75, "Eigen Vector Centrality": 0.042740956699305, "is connected": true}, "G_watts_500_6_0.4_8.txt": {"Nodes": 500, "Edges": 1500, "p": 0.012024048096192385, "Average Clustering Coefficient": 0.14202914862914903, "Pearson Degree Correlation": -0.08216872609614442, "Diameter": 7, "Average Shortest Path": 3.963751503006012, "Average Degree": 127.75, "Eigen Vector Centrality": 0.04250378461062806, "is connected": true}, "G_watts_500_6_0.4_9.txt": {"Nodes": 500, "Edges": 1500, "p": 0.012024048096192385, "Average Clustering Coefficient": 0.1470688311688314, "Pearson Degree Correlation": -0.06046803733903158, "Diameter": 6, "Average Shortest Path": 3.9690260521042084, "Average Degree": 127.75, "Eigen Vector Centrality": 0.04233736974670205, "is connected": true}}