{"G_watts_200_2_0.5_0.txt": {"Nodes": 200, "Edges": 200, "rewiring": 0.5, "k": 2, "p": 0.010050251256281407, "Average Clustering Coefficient": 0.0, "Pearson Degree Correlation": -0.19032702668838494, "Diameter": 37, "Average Shortest Path": 14.94824120603015, "Average Degree": 50.75, "Eigen Vector Centrality": 0.028395336270991906, "is connected": true}, "G_watts_200_3_0.5_0.txt": {"Nodes": 200, "Edges": 200, "rewiring": 0.5, "k": 3, "p": 0.010050251256281407, "Average Clustering Coefficient": 0.0, "Pearson Degree Correlation": -0.08369283865401211, "Diameter": 44, "Average Shortest Path": 16.44286432160804, "Average Degree": 50.75, "Eigen Vector Centrality": 0.026588110368366218, "is connected": true}, "G_watts_200_4_0.5_0.txt": {"Nodes": 200, "Edges": 400, "rewiring": 0.5, "k": 4, "p": 0.020100502512562814, "Average Clustering Coefficient": 0.11333333333333336, "Pearson Degree Correlation": -0.05853617696628194, "Diameter": 8, "Average Shortest Path": 4.188040201005025, "Average Degree": 51.75, "Eigen Vector Centrality": 0.06345043798800842, "is connected": true}, "G_watts_200_5_0.5_0.txt": {"Nodes": 200, "Edges": 400, "rewiring": 0.5, "k": 5, "p": 0.020100502512562814, "Average Clustering Coefficient": 0.07991269841269838, "Pearson Degree Correlation": -0.03804861446643511, "Diameter": 8, "Average Shortest Path": 4.138241206030151, "Average Degree": 51.75, "Eigen Vector Centrality": 0.060219442011267506, "is connected": true}, "G_watts_200_6_0.5_0.txt": {"Nodes": 200, "Edges": 600, "rewiring": 0.5, "k": 6, "p": 0.03015075376884422, "Average Clustering Coefficient": 0.09730006105006105, "Pearson Degree Correlation": -0.10403171405601705, "Diameter": 5, "Average Shortest Path": 3.2586934673366836, "Average Degree": 52.75, "Eigen Vector Centrality": 0.06758482979828676, "is connected": true}}