{"G_watts_500_2_0.1_0.txt": {"Nodes": 500, "Edges": 500, "rewiring": 0.1, "k": 2, "p": 0.004008016032064128, "Average Clustering Coefficient": 0.0, "Pearson Degree Correlation": -0.03584006629376418, "Diameter": 114, "Average Shortest Path": 48.95383567134269, "Average Degree": 125.75, "Eigen Vector Centrality": 0.007379135479147183, "is connected": true}, "G_watts_500_2_0.1_1.txt": {"Nodes": 500, "Edges": 500, "rewiring": 0.1, "k": 2, "p": 0.004008016032064128, "Average Clustering Coefficient": 0.0, "Pearson Degree Correlation": -0.08060005085176708, "Diameter": 168, "Average Shortest Path": 58.002092184368735, "Average Degree": 125.75, "Eigen Vector Centrality": 0.007736760016887672, "is connected": true}, "G_watts_500_2_0.1_2.txt": {"Nodes": 500, "Edges": 500, "rewiring": 0.1, "k": 2, "p": 0.004008016032064128, "Average Clustering Coefficient": 0.0, "Pearson Degree Correlation": -0.028645833333333353, "Diameter": 131, "Average Shortest Path": 42.96208416833667, "Average Degree": 125.75, "Eigen Vector Centrality": 0.012768479697670396, "is connected": true}, "G_watts_500_3_0.1_0.txt": {"Nodes": 500, "Edges": 500, "rewiring": 0.1, "k": 3, "p": 0.004008016032064128, "Average Clustering Coefficient": 0.0, "Pearson Degree Correlation": -0.03061224489795919, "Diameter": 146, "Average Shortest Path": 54.67097394789579, "Average Degree": 125.75, "Eigen Vector Centrality": 0.009759039824639682, "is connected": true}, "G_watts_500_3_0.1_1.txt": {"Nodes": 500, "Edges": 500, "rewiring": 0.1, "k": 3, "p": 0.004008016032064128, "Average Clustering Coefficient": 0.0, "Pearson Degree Correlation": -0.10315811077759823, "Diameter": 179, "Average Shortest Path": 57.61224048096192, "Average Degree": 125.75, "Eigen Vector Centrality": 0.008851239622716332, "is connected": true}, "G_watts_500_3_0.1_2.txt": {"Nodes": 500, "Edges": 500, "rewiring": 0.1, "k": 3, "p": 0.004008016032064128, "Average Clustering Coefficient": 0.0, "Pearson Degree Correlation": -0.1050411666744488, "Diameter": 126, "Average Shortest Path": 44.969587174348696, "Average Degree": 125.75, "Eigen Vector Centrality": 0.006943674136383987, "is connected": true}, "G_watts_500_4_0.1_0.txt": {"Nodes": 500, "Edges": 1000, "rewiring": 0.1, "k": 4, "p": 0.008016032064128256, "Average Clustering Coefficient": 0.38906666666666717, "Pearson Degree Correlation": -0.03325089310250071, "Diameter": 17, "Average Shortest Path": 8.192961923847696, "Average Degree": 126.75, "Eigen Vector Centrality": 0.03913716841616167, "is connected": true}, "G_watts_500_4_0.1_1.txt": {"Nodes": 500, "Edges": 1000, "rewiring": 0.1, "k": 4, "p": 0.008016032064128256, "Average Clustering Coefficient": 0.3753714285714286, "Pearson Degree Correlation": -0.05880384811670554, "Diameter": 14, "Average Shortest Path": 7.340032064128256, "Average Degree": 126.75, "Eigen Vector Centrality": 0.04019243242349799, "is connected": true}, "G_watts_500_4_0.1_2.txt": {"Nodes": 500, "Edges": 1000, "rewiring": 0.1, "k": 4, "p": 0.008016032064128256, "Average Clustering Coefficient": 0.3697809523809525, "Pearson Degree Correlation": -0.030281634329272198, "Diameter": 14, "Average Shortest Path": 7.408529058116232, "Average Degree": 126.75, "Eigen Vector Centrality": 0.037595382960979834, "is connected": true}, "G_watts_500_5_0.1_0.txt": {"Nodes": 500, "Edges": 1000, "rewiring": 0.1, "k": 5, "p": 0.008016032064128256, "Average Clustering Coefficient": 0.3840666666666669, "Pearson Degree Correlation": -0.07848513119836598, "Diameter": 15, "Average Shortest Path": 7.7801202404809615, "Average Degree": 126.75, "Eigen Vector Centrality": 0.04111014357470117, "is connected": true}, "G_watts_500_5_0.1_1.txt": {"Nodes": 500, "Edges": 1000, "rewiring": 0.1, "k": 5, "p": 0.008016032064128256, "Average Clustering Coefficient": 0.3982000000000003, "Pearson Degree Correlation": 0.0498922438764397, "Diameter": 16, "Average Shortest Path": 8.10072144288577, "Average Degree": 126.75, "Eigen Vector Centrality": 0.033254290447306725, "is connected": true}, "G_watts_500_5_0.1_2.txt": {"Nodes": 500, "Edges": 1000, "rewiring": 0.1, "k": 5, "p": 0.008016032064128256, "Average Clustering Coefficient": 0.36993333333333356, "Pearson Degree Correlation": 0.003616928145230139, "Diameter": 14, "Average Shortest Path": 7.610444889779559, "Average Degree": 126.75, "Eigen Vector Centrality": 0.03942417564536676, "is connected": true}, "G_watts_500_6_0.1_0.txt": {"Nodes": 500, "Edges": 1500, "rewiring": 0.1, "k": 6, "p": 0.012024048096192385, "Average Clustering Coefficient": 0.4750682539682533, "Pearson Degree Correlation": -0.02421270595408976, "Diameter": 11, "Average Shortest Path": 5.656240480961924, "Average Degree": 127.75, "Eigen Vector Centrality": 0.0404497982974779, "is connected": true}, "G_watts_500_6_0.1_1.txt": {"Nodes": 500, "Edges": 1500, "rewiring": 0.1, "k": 6, "p": 0.012024048096192385, "Average Clustering Coefficient": 0.44873968253968216, "Pearson Degree Correlation": -0.0409581114328245, "Diameter": 11, "Average Shortest Path": 5.522292585170341, "Average Degree": 127.75, "Eigen Vector Centrality": 0.042849657355275954, "is connected": true}, "G_watts_500_6_0.1_2.txt": {"Nodes": 500, "Edges": 1500, "rewiring": 0.1, "k": 6, "p": 0.012024048096192385, "Average Clustering Coefficient": 0.44818571428571424, "Pearson Degree Correlation": -0.032526270176578914, "Diameter": 10, "Average Shortest Path": 5.4331222444889775, "Average Degree": 127.75, "Eigen Vector Centrality": 0.041750795567378804, "is connected": true}, "G_watts_500_2_0.5_0.txt": {"Nodes": 500, "Edges": 500, "rewiring": 0.5, "k": 2, "p": 0.004008016032064128, "Average Clustering Coefficient": 0.0, "Pearson Degree Correlation": -0.12047649737361993, "Diameter": 69, "Average Shortest Path": 26.478412825651304, "Average Degree": 125.75, "Eigen Vector Centrality": 0.010020176695587432, "is connected": true}, "G_watts_500_2_0.5_1.txt": {"Nodes": 500, "Edges": 500, "rewiring": 0.5, "k": 2, "p": 0.004008016032064128, "Average Clustering Coefficient": 0.002, "Pearson Degree Correlation": -0.181871280984193, "Diameter": 91, "Average Shortest Path": 33.50448897795591, "Average Degree": 125.75, "Eigen Vector Centrality": 0.008929612696322607, "is connected": true}, "G_watts_500_2_0.5_2.txt": {"Nodes": 500, "Edges": 500, "rewiring": 0.5, "k": 2, "p": 0.004008016032064128, "Average Clustering Coefficient": 0.0, "Pearson Degree Correlation": -0.1695854021402069, "Diameter": 82, "Average Shortest Path": 30.12464128256513, "Average Degree": 125.75, "Eigen Vector Centrality": 0.010683279658346957, "is connected": true}, "G_watts_500_3_0.5_0.txt": {"Nodes": 500, "Edges": 500, "rewiring": 0.5, "k": 3, "p": 0.004008016032064128, "Average Clustering Coefficient": 0.0, "Pearson Degree Correlation": -0.08798427687238583, "Diameter": 55, "Average Shortest Path": 22.540537074148297, "Average Degree": 125.75, "Eigen Vector Centrality": 0.010380814565497616, "is connected": true}, "G_watts_500_3_0.5_1.txt": {"Nodes": 500, "Edges": 500, "rewiring": 0.5, "k": 3, "p": 0.004008016032064128, "Average Clustering Coefficient": 0.0, "Pearson Degree Correlation": -0.15898269655092334, "Diameter": 66, "Average Shortest Path": 29.660553106212426, "Average Degree": 125.75, "Eigen Vector Centrality": 0.00921492582882256, "is connected": true}, "G_watts_500_3_0.5_2.txt": {"Nodes": 500, "Edges": 500, "rewiring": 0.5, "k": 3, "p": 0.004008016032064128, "Average Clustering Coefficient": 0.0, "Pearson Degree Correlation": -0.20798871021515444, "Diameter": 74, "Average Shortest Path": 28.026925851703407, "Average Degree": 125.75, "Eigen Vector Centrality": 0.008149514272362438, "is connected": true}, "G_watts_500_4_0.5_0.txt": {"Nodes": 500, "Edges": 1000, "rewiring": 0.5, "k": 4, "p": 0.008016032064128256, "Average Clustering Coefficient": 0.06586825396825402, "Pearson Degree Correlation": -0.0609964196514171, "Diameter": 9, "Average Shortest Path": 4.988192384769539, "Average Degree": 126.75, "Eigen Vector Centrality": 0.03845189801983486,