{"G_watts_500_6_0.5_0.txt": {"Nodes": 500, "Edges": 1500, "rewiring": 0.5, "k": 6, "p": 0.012024048096192385, "Average Clustering Coefficient": 0.07787272727272733, "Pearson Degree Correlation": -0.08549840881618827, "Diameter": 6, "Average Shortest Path": 3.8257955911823647, "Average Degree": 127.75, "Eigen Vector Centrality": 0.04285262545640874, "is connected": true}, "G_watts_500_6_0.5_1.txt": {"Nodes": 500, "Edges": 1500, "rewiring": 0.5, "k": 6, "p": 0.012024048096192385, "Average Clustering Coefficient": 0.07456623376623388, "Pearson Degree Correlation": -0.06504921364212607, "Diameter": 6, "Average Shortest Path": 3.8072064128256513, "Average Degree": 127.75, "Eigen Vector Centrality": 0.042188353263194096, "is connected": true}, "G_watts_500_6_0.5_2.txt": {"Nodes": 500, "Edges": 1500, "rewiring": 0.5, "k": 6, "p": 0.012024048096192385, "Average Clustering Coefficient": 0.08199523809523826, "Pearson Degree Correlation": -0.029319537266579, "Diameter": 6, "Average Shortest Path": 3.8342685370741485, "Average Degree": 127.75, "Eigen Vector Centrality": 0.04258606273358923, "is connected": true}, "G_watts_500_6_0.5_3.txt": {"Nodes": 500, "Edges": 1500, "rewiring": 0.5, "k": 6, "p": 0.012024048096192385, "Average Clustering Coefficient": 0.07793924963924974, "Pearson Degree Correlation": -0.07472423585795314, "Diameter": 6, "Average Shortest Path": 3.807927855711423, "Average Degree": 127.75, "Eigen Vector Centrality": 0.042560635604825155, "is connected": true}, "G_watts_500_6_0.5_4.txt": {"Nodes": 500, "Edges": 1500, "rewiring": 0.5, "k": 6, "p": 0.012024048096192385, "Average Clustering Coefficient": 0.08220490620490634, "Pearson Degree Correlation": -0.04736559040077152, "Diameter": 6, "Average Shortest Path": 3.817498997995992, "Average Degree": 127.75, "Eigen Vector Centrality": 0.04244322501805557, "is connected": true}, "G_watts_500_6_0.5_5.txt": {"Nodes": 500, "Edges": 1500, "rewiring": 0.5, "k": 6, "p": 0.012024048096192385, "Average Clustering Coefficient": 0.09269927849927871, "Pearson Degree Correlation": -0.06195205496067656, "Diameter": 6, "Average Shortest Path": 3.8406492985971945, "Average Degree": 127.75, "Eigen Vector Centrality": 0.04256962286710146, "is connected": true}, "G_watts_500_6_0.5_6.txt": {"Nodes": 500, "Edges": 1500, "rewiring": 0.5, "k": 6, "p": 0.012024048096192385, "Average Clustering Coefficient": 0.07900851370851382, "Pearson Degree Correlation": -0.09152087127068427, "Diameter": 6, "Average Shortest Path": 3.821442885771543, "Average Degree": 127.75, "Eigen Vector Centrality": 0.042671720251765334, "is connected": true}, "G_watts_500_6_0.5_7.txt": {"Nodes": 500, "Edges": 1500, "rewiring": 0.5, "k": 6, "p": 0.012024048096192385, "Average Clustering Coefficient": 0.06932323232323233, "Pearson Degree Correlation": -0.04344921026745112, "Diameter": 6, "Average Shortest Path": 3.818124248496994, "Average Degree": 127.75, "Eigen Vector Centrality": 0.04234942723812331, "is connected": true}, "G_watts_500_6_0.5_8.txt": {"Nodes": 500, "Edges": 1500, "rewiring": 0.5, "k": 6, "p": 0.012024048096192385, "Average Clustering Coefficient": 0.08054473304473311, "Pearson Degree Correlation": -0.054303609580392265, "Diameter": 7, "Average Shortest Path": 3.8307174348697393, "Average Degree": 127.75, "Eigen Vector Centrality": 0.042287645655257534, "is connected": true}, "G_watts_500_6_0.5_9.txt": {"Nodes": 500, "Edges": 1500, "rewiring": 0.5, "k": 6, "p": 0.012024048096192385, "Average Clustering Coefficient": 0.08682828282828291, "Pearson Degree Correlation": -0.06360348861944251, "Diameter": 6, "Average Shortest Path": 3.846741482965932, "Average Degree": 127.75, "Eigen Vector Centrality": 0.04261680319546031, "is connected": true}}