{"G_watts_500_6_0.1_0.txt": {"Nodes": 500, "Edges": 1500, "p": 0.012024048096192385, "Average Clustering Coefficient": 0.4410460317460316, "Pearson Degree Correlation": -0.03517117294752665, "Diameter": 10, "Average Shortest Path": 5.4490581162324645, "Average Degree": 127.75, "Eigen Vector Centrality": 0.04190284729099344, "is connected": true}, "G_watts_500_6_0.1_1.txt": {"Nodes": 500, "Edges": 1500, "p": 0.012024048096192385, "Average Clustering Coefficient": 0.44263809523809533, "Pearson Degree Correlation": 0.021214701594326844, "Diameter": 10, "Average Shortest Path": 5.463350701402805, "Average Degree": 127.75, "Eigen Vector Centrality": 0.04084240636561065, "is connected": true}, "G_watts_500_6_0.1_2.txt": {"Nodes": 500, "Edges": 1500, "p": 0.012024048096192385, "Average Clustering Coefficient": 0.44150000000000006, "Pearson Degree Correlation": -0.01378617969934179, "Diameter": 10, "Average Shortest Path": 5.341659318637275, "Average Degree": 127.75, "Eigen Vector Centrality": 0.041723096624089975, "is connected": true}, "G_watts_500_6_0.1_3.txt": {"Nodes": 500, "Edges": 1500, "p": 0.012024048096192385, "Average Clustering Coefficient": 0.4365317460317464, "Pearson Degree Correlation": -0.003381976494329132, "Diameter": 10, "Average Shortest Path": 5.357723446893788, "Average Degree": 127.75, "Eigen Vector Centrality": 0.040941387007975, "is connected": true}, "G_watts_500_6_0.1_4.txt": {"Nodes": 500, "Edges": 1500, "p": 0.012024048096192385, "Average Clustering Coefficient": 0.45335873015872946, "Pearson Degree Correlation": -0.04771673263401648, "Diameter": 10, "Average Shortest Path": 5.470637274549098, "Average Degree": 127.75, "Eigen Vector Centrality": 0.04266433070734937, "is connected": true}, "G_watts_500_6_0.1_5.txt": {"Nodes": 500, "Edges": 1500, "p": 0.012024048096192385, "Average Clustering Coefficient": 0.4512047619047612, "Pearson Degree Correlation": -0.010873515871092804, "Diameter": 10, "Average Shortest Path": 5.451887775551103, "Average Degree": 127.75, "Eigen Vector Centrality": 0.0422421089652631, "is connected": true}, "G_watts_500_6_0.1_6.txt": {"Nodes": 500, "Edges": 1500, "p": 0.012024048096192385, "Average Clustering Coefficient": 0.44062539682539675, "Pearson Degree Correlation": -0.04100035398669758, "Diameter": 11, "Average Shortest Path": 5.37862124248497, "Average Degree": 127.75, "Eigen Vector Centrality": 0.04274309447643713, "is connected": true}, "G_watts_500_6_0.1_7.txt": {"Nodes": 500, "Edges": 1500, "p": 0.012024048096192385, "Average Clustering Coefficient": 0.428004761904762, "Pearson Degree Correlation": -0.006448180144769368, "Diameter": 10, "Average Shortest Path": 5.235430861723447, "Average Degree": 127.75, "Eigen Vector Centrality": 0.04236051830080597, "is connected": true}, "G_watts_500_6_0.1_8.txt": {"Nodes": 500, "Edges": 1500, "p": 0.012024048096192385, "Average Clustering Coefficient": 0.43578730158730133, "Pearson Degree Correlation": 0.005407031191255817, "Diameter": 10, "Average Shortest Path": 5.362124248496994, "Average Degree": 127.75, "Eigen Vector Centrality": 0.04165719214241447, "is connected": true}, "G_watts_500_6_0.1_9.txt": {"Nodes": 500, "Edges": 1500, "p": 0.012024048096192385, "Average Clustering Coefficient": 0.45906190476190417, "Pearson Degree Correlation": -0.010177315451775023, "Diameter": 10, "Average Shortest Path": 5.477370741482966, "Average Degree": 127.75, "Eigen Vector Centrality": 0.04320390684140664, "is connected": true}}