{"G_watts_500_5_0.4_0.txt": {"Nodes": 500, "Edges": 1000, "p": 0.008016032064128256, "Average Clustering Coefficient": 0.11841904761904777, "Pearson Degree Correlation": -0.0634186332493998, "Diameter": 9, "Average Shortest Path": 5.181474949899799, "Average Degree": 126.75, "Eigen Vector Centrality": 0.04072516124971154, "is connected": true}, "G_watts_500_5_0.4_1.txt": {"Nodes": 500, "Edges": 1000, "p": 0.008016032064128256, "Average Clustering Coefficient": 0.11931904761904774, "Pearson Degree Correlation": -0.05351385930206298, "Diameter": 9, "Average Shortest Path": 5.18423246492986, "Average Degree": 126.75, "Eigen Vector Centrality": 0.039333746485977955, "is connected": true}, "G_watts_500_5_0.4_2.txt": {"Nodes": 500, "Edges": 1000, "p": 0.008016032064128256, "Average Clustering Coefficient": 0.12970793650793666, "Pearson Degree Correlation": -0.04642977187830968, "Diameter": 9, "Average Shortest Path": 5.18477755511022, "Average Degree": 126.75, "Eigen Vector Centrality": 0.039406542922495694, "is connected": true}, "G_watts_500_5_0.4_3.txt": {"Nodes": 500, "Edges": 1000, "p": 0.008016032064128256, "Average Clustering Coefficient": 0.1169507936507938, "Pearson Degree Correlation": -0.07789915778656481, "Diameter": 9, "Average Shortest Path": 5.169490981963928, "Average Degree": 126.75, "Eigen Vector Centrality": 0.03621618328511901, "is connected": true}, "G_watts_500_5_0.4_4.txt": {"Nodes": 500, "Edges": 1000, "p": 0.008016032064128256, "Average Clustering Coefficient": 0.10709523809523816, "Pearson Degree Correlation": -0.06518867044802384, "Diameter": 9, "Average Shortest Path": 5.091751503006012, "Average Degree": 126.75, "Eigen Vector Centrality": 0.03981137584802858, "is connected": true}, "G_watts_500_5_0.4_5.txt": {"Nodes": 500, "Edges": 1000, "p": 0.008016032064128256, "Average Clustering Coefficient": 0.14200952380952397, "Pearson Degree Correlation": -0.10843089957051244, "Diameter": 10, "Average Shortest Path": 5.264328657314629, "Average Degree": 126.75, "Eigen Vector Centrality": 0.03979434893898052, "is connected": true}, "G_watts_500_5_0.4_6.txt": {"Nodes": 500, "Edges": 1000, "p": 0.008016032064128256, "Average Clustering Coefficient": 0.10839682539682548, "Pearson Degree Correlation": -0.05715020013348705, "Diameter": 10, "Average Shortest Path": 5.127294589178357, "Average Degree": 126.75, "Eigen Vector Centrality": 0.03827488909592562, "is connected": true}, "G_watts_500_5_0.4_7.txt": {"Nodes": 500, "Edges": 1000, "p": 0.008016032064128256, "Average Clustering Coefficient": 0.10165714285714296, "Pearson Degree Correlation": -0.06666547569335116, "Diameter": 9, "Average Shortest Path": 5.107951903807615, "Average Degree": 126.75, "Eigen Vector Centrality": 0.04074989024556768, "is connected": true}, "G_watts_500_5_0.4_8.txt": {"Nodes": 500, "Edges": 1000, "p": 0.008016032064128256, "Average Clustering Coefficient": 0.1151809523809526, "Pearson Degree Correlation": -0.08161407003828407, "Diameter": 9, "Average Shortest Path": 5.179663326653307, "Average Degree": 126.75, "Eigen Vector Centrality": 0.03942210792146808, "is connected": true}, "G_watts_500_5_0.4_9.txt": {"Nodes": 500, "Edges": 1000, "p": 0.008016032064128256, "Average Clustering Coefficient": 0.11140952380952394, "Pearson Degree Correlation": -0.12064301723471675, "Diameter": 9, "Average Shortest Path": 5.185971943887775, "Average Degree": 126.75, "Eigen Vector Centrality": 0.04030729387310194, "is connected": true}}