{"G_watts_500_3_0.1_0.txt": {"Nodes": 500, "Edges": 500, "p": 0.004008016032064128, "Average Clustering Coefficient": 0.0, "Pearson Degree Correlation": 0.005865394174371208, "Diameter": 111, "Average Shortest Path": 40.43294589178357, "Average Degree": 125.75, "Eigen Vector Centrality": 0.009108243584452627, "is connected": true}, "G_watts_500_3_0.1_1.txt": {"Nodes": 500, "Edges": 500, "p": 0.004008016032064128, "Average Clustering Coefficient": 0.0, "Pearson Degree Correlation": -0.04931794333683118, "Diameter": 172, "Average Shortest Path": 62.45135871743487, "Average Degree": 125.75, "Eigen Vector Centrality": 0.008977242296402371, "is connected": true}, "G_watts_500_3_0.1_2.txt": {"Nodes": 500, "Edges": 500, "p": 0.004008016032064128, "Average Clustering Coefficient": 0.0, "Pearson Degree Correlation": -0.10178828714297818, "Diameter": 216, "Average Shortest Path": 79.39887775551102, "Average Degree": 125.75, "Eigen Vector Centrality": 0.007605795736889775, "is connected": true}, "G_watts_500_3_0.1_3.txt": {"Nodes": 500, "Edges": 500, "p": 0.004008016032064128, "Average Clustering Coefficient": 0.0, "Pearson Degree Correlation": -0.06528180032624259, "Diameter": 108, "Average Shortest Path": 44.11581563126253, "Average Degree": 125.75, "Eigen Vector Centrality": 0.010987782640198233, "is connected": true}, "G_watts_500_3_0.1_4.txt": {"Nodes": 500, "Edges": 500, "p": 0.004008016032064128, "Average Clustering Coefficient": 0.0, "Pearson Degree Correlation": -0.052631578947368425, "Diameter": 149, "Average Shortest Path": 54.53616833667335, "Average Degree": 125.75, "Eigen Vector Centrality": 0.008576155227588369, "is connected": true}, "G_watts_500_3_0.1_5.txt": {"Nodes": 500, "Edges": 500, "p": 0.004008016032064128, "Average Clustering Coefficient": 0.0, "Pearson Degree Correlation": -0.09034983013497386, "Diameter": 144, "Average Shortest Path": 56.337635270541085, "Average Degree": 125.75, "Eigen Vector Centrality": 0.009251632128831157, "is connected": true}, "G_watts_500_3_0.1_6.txt": {"Nodes": 500, "Edges": 500, "p": 0.004008016032064128, "Average Clustering Coefficient": 0.0, "Pearson Degree Correlation": -0.11111111111111106, "Diameter": 128, "Average Shortest Path": 50.4744128256513, "Average Degree": 125.75, "Eigen Vector Centrality": 0.010079903795467835, "is connected": true}, "G_watts_500_3_0.1_7.txt": {"Nodes": 500, "Edges": 500, "p": 0.004008016032064128, "Average Clustering Coefficient": 0.0, "Pearson Degree Correlation": -0.06050355634382263, "Diameter": 198, "Average Shortest Path": 66.1754629258517, "Average Degree": 125.75, "Eigen Vector Centrality": 0.007525751670837064, "is connected": true}, "G_watts_500_3_0.1_8.txt": {"Nodes": 500, "Edges": 500, "p": 0.004008016032064128, "Average Clustering Coefficient": 0.0, "Pearson Degree Correlation": -0.009296148738379776, "Diameter": 125, "Average Shortest Path": 44.95505410821643, "Average Degree": 125.75, "Eigen Vector Centrality": 0.009764187670804794, "is connected": true}, "G_watts_500_3_0.1_9.txt": {"Nodes": 500, "Edges": 500, "p": 0.004008016032064128, "Average Clustering Coefficient": 0.0, "Pearson Degree Correlation": -0.02619359142102165, "Diameter": 160, "Average Shortest Path": 50.56412825651302, "Average Degree": 125.75, "Eigen Vector Centrality": 0.010054526482475875, "is connected": true}}