{"G_power_1000_2_1.txt": {"Nodes": 1000, "Edges": 2934, "Power": 2, "p": 0.005873873873873874, "Average Clustering Coefficient": 0.38081994556142595, "Pearson Degree Correlation": -0.2683898287760504, "Average Degree": 252.684}, "G_power_1000_2_2.txt": {"Nodes": 1000, "Edges": 2991, "Power": 2, "p": 0.005987987987987988, "Average Clustering Coefficient": 0.46387164823866744, "Pearson Degree Correlation": -0.3655673844850283, "Average Degree": 252.741}, "G_power_1000_2_3.txt": {"Nodes": 1000, "Edges": 3346, "Power": 2, "p": 0.006698698698698699, "Average Clustering Coefficient": 0.3661172527590475, "Pearson Degree Correlation": -0.3408684968399565, "Average Degree": 253.096}, "G_power_1000_2_4.txt": {"Nodes": 1000, "Edges": 2573, "Power": 2, "p": 0.005151151151151151, "Average Clustering Coefficient": 0.4603280996927506, "Pearson Degree Correlation": -0.2883819436480681, "Average Degree": 252.323}, "G_power_1000_2_5.txt": {"Nodes": 1000, "Edges": 2731, "Power": 2, "p": 0.005467467467467468, "Average Clustering Coefficient": 0.24623040701339854, "Pearson Degree Correlation": -0.25548802735925286, "Average Degree": 252.481}, "G_power_1000_2_6.txt": {"Nodes": 1000, "Edges": 2569, "Power": 2, "p": 0.005143143143143143, "Average Clustering Coefficient": 0.1621626239527007, "Pearson Degree Correlation": -0.22131884101785942, "Average Degree": 252.319}, "G_power_1000_2_7.txt": {"Nodes": 1000, "Edges": 2841, "Power": 2, "p": 0.0056876876876876875, "Average Clustering Coefficient": 0.3127583669410058, "Pearson Degree Correlation": -0.2482928253367349, "Average Degree": 252.591}, "G_power_1000_2_8.txt": {"Nodes": 1000, "Edges": 2563, "Power": 2, "p": 0.005131131131131131, "Average Clustering Coefficient": 0.34810637727747246, "Pearson Degree Correlation": -0.2573355431638536, "Average Degree": 252.313}, "G_power_1000_2_9.txt": {"Nodes": 1000, "Edges": 3235, "Power": 2, "p": 0.0064764764764764764, "Average Clustering Coefficient": 0.38972790469508894, "Pearson Degree Correlation": -0.418545940637131, "Average Degree": 252.985}, "G_power_1000_2_10.txt": {"Nodes": 1000, "Edges": 2845, "Power": 2, "p": 0.005695695695695696, "Average Clustering Coefficient": 0.480130513708573, "Pearson Degree Correlation": -0.39333063810279745, "Average Degree": 252.595}}