{"G_power_500_2_0.txt": {"Nodes": 500, "Edges": 1219, "Power": 2, "p": 0.009771543086172344, "Average Clustering Coefficient": 0.24055776168252843, "Pearson Degree Correlation": -0.25726731643982603, "Average Degree": 127.188}, "G_power_500_2_1.txt": {"Nodes": 500, "Edges": 1437, "Power": 2, "p": 0.011519038076152304, "Average Clustering Coefficient": 0.27776092872548946, "Pearson Degree Correlation": -0.29972610243899883, "Average Degree": 127.624}, "G_power_500_2_2.txt": {"Nodes": 500, "Edges": 1262, "Power": 2, "p": 0.01011623246492986, "Average Clustering Coefficient": 0.24835523751907562, "Pearson Degree Correlation": -0.2656717388941563, "Average Degree": 127.274}, "G_power_500_2_3.txt": {"Nodes": 500, "Edges": 1156, "Power": 2, "p": 0.009266533066132265, "Average Clustering Coefficient": 0.45978955061653326, "Pearson Degree Correlation": -0.310799091780398, "Average Degree": 127.062}, "G_power_500_2_4.txt": {"Nodes": 500, "Edges": 1222, "Power": 2, "p": 0.00979559118236473, "Average Clustering Coefficient": 0.5174815862931725, "Pearson Degree Correlation": -0.34066622885882264, "Average Degree": 127.194}, "G_power_500_2_5.txt": {"Nodes": 500, "Edges": 1247, "Power": 2, "p": 0.009995991983967936, "Average Clustering Coefficient": 0.15731490422400687, "Pearson Degree Correlation": -0.16696562740208287, "Average Degree": 127.244}, "G_power_500_2_6.txt": {"Nodes": 500, "Edges": 1269, "Power": 2, "p": 0.010172344689378757, "Average Clustering Coefficient": 0.4313064677318099, "Pearson Degree Correlation": -0.2699679929009955, "Average Degree": 127.288}, "G_power_500_2_7.txt": {"Nodes": 500, "Edges": 1287, "Power": 2, "p": 0.010316633266533067, "Average Clustering Coefficient": 0.1962981490229945, "Pearson Degree Correlation": -0.23068488312806384, "Average Degree": 127.324}, "G_power_500_2_8.txt": {"Nodes": 500, "Edges": 1328, "Power": 2, "p": 0.010645290581162325, "Average Clustering Coefficient": 0.28765395545342043, "Pearson Degree Correlation": -0.32938075632422703, "Average Degree": 127.406}, "G_power_500_2_9.txt": {"Nodes": 500, "Edges": 1246, "Power": 2, "p": 0.009987975951903807, "Average Clustering Coefficient": 0.4369115052512339, "Pearson Degree Correlation": -0.31800691885286614, "Average Degree": 127.242}}