{"G_power_1000_1.3_1.txt": {"Nodes": 1000, "Edges": 13087, "Power": 1.3, "p": 0.0262002002002002, "Average Clustering Coefficient": 0.8454319729924669, "Pearson Degree Correlation": -0.5857839791589234, "Average Degree": 262.837}, "G_power_1000_1.3_2.txt": {"Nodes": 1000, "Edges": 11576, "Power": 1.3, "p": 0.023175175175175176, "Average Clustering Coefficient": 0.8435620700802878, "Pearson Degree Correlation": -0.5730620462791134, "Average Degree": 261.326}, "G_power_1000_1.3_3.txt": {"Nodes": 1000, "Edges": 11819, "Power": 1.3, "p": 0.02366166166166166, "Average Clustering Coefficient": 0.8231055971160651, "Pearson Degree Correlation": -0.5134856844293394, "Average Degree": 261.569}, "G_power_1000_1.3_4.txt": {"Nodes": 1000, "Edges": 13283, "Power": 1.3, "p": 0.02659259259259259, "Average Clustering Coefficient": 0.8444874581261778, "Pearson Degree Correlation": -0.5859999277036946, "Average Degree": 263.033}, "G_power_1000_1.3_5.txt": {"Nodes": 1000, "Edges": 10510, "Power": 1.3, "p": 0.021041041041041042, "Average Clustering Coefficient": 0.8530246107146905, "Pearson Degree Correlation": -0.5271679615542284, "Average Degree": 260.26}, "G_power_1000_1.3_6.txt": {"Nodes": 1000, "Edges": 15420, "Power": 1.3, "p": 0.03087087087087087, "Average Clustering Coefficient": 0.8350699887566894, "Pearson Degree Correlation": -0.5549919203655262, "Average Degree": 265.17}, "G_power_1000_1.3_7.txt": {"Nodes": 1000, "Edges": 10831, "Power": 1.3, "p": 0.021683683683683685, "Average Clustering Coefficient": 0.8423895726056856, "Pearson Degree Correlation": -0.5993718460570586, "Average Degree": 260.581}, "G_power_1000_1.3_8.txt": {"Nodes": 1000, "Edges": 10090, "Power": 1.3, "p": 0.0202002002002002, "Average Clustering Coefficient": 0.8326423717285409, "Pearson Degree Correlation": -0.5667040457755873, "Average Degree": 259.84}, "G_power_1000_1.3_9.txt": {"Nodes": 1000, "Edges": 10110, "Power": 1.3, "p": 0.02024024024024024, "Average Clustering Coefficient": 0.7790585263531369, "Pearson Degree Correlation": -0.4941824129395116, "Average Degree": 259.86}, "G_power_1000_1.3_10.txt": {"Nodes": 1000, "Edges": 13092, "Power": 1.3, "p": 0.02621021021021021, "Average Clustering Coefficient": 0.8361041671904416, "Pearson Degree Correlation": -0.5312322574208491, "Average Degree": 262.842},"G_power_1000_1.3_11.txt": {"Nodes": 1000, "Edges": 2318, "Power": 1.3, "p": 0.004640640640640641, "Average Clustering Coefficient": 0.6921667335136983, "Pearson Degree Correlation": -0.6444951662069713, "Average Degree": 252.068}, "G_power_1000_1.3_12.txt": {"Nodes": 1000, "Edges": 5990, "Power": 1.3, "p": 0.011991991991991992, "Average Clustering Coefficient": 0.7527068897206867, "Pearson Degree Correlation": -0.5464285467871202, "Average Degree": 255.74}, "G_power_1000_1.3_13.txt": {"Nodes": 1000, "Edges": 10065, "Power": 1.3, "p": 0.02015015015015015, "Average Clustering Coefficient": 0.840347826938902, "Pearson Degree Correlation": -0.5588336505268131, "Average Degree": 259.815}, "G_power_1000_1.3_14.txt": {"Nodes": 1000, "Edges": 8973, "Power": 1.3, "p": 0.017963963963963964, "Average Clustering Coefficient": 0.826170521059051, "Pearson Degree Correlation": -0.5323017973805232, "Average Degree": 258.723}, "G_power_1000_1.3_15.txt": {"Nodes": 1000, "Edges": 4598, "Power": 1.3, "p": 0.009205205205205205, "Average Clustering Coefficient": 0.6994721293877603, "Pearson Degree Correlation": -0.46181900869986275, "Average Degree": 254.348}, "G_power_1000_1.3_16.txt": {"Nodes": 1000, "Edges": 4264, "Power": 1.3, "p": 0.008536536536536537, "Average Clustering Coefficient": 0.8957889118770255, "Pearson Degree Correlation": -0.6064087007048065, "Average Degree": 254.014}, "G_power_1000_1.3_17.txt": {"Nodes": 1000, "Edges": 3999, "Power": 1.3, "p": 0.008006006006006006, "Average Clustering Coefficient": 0.5737163243755006, "Pearson Degree Correlation": -0.4690774635598253, "Average Degree": 253.749}, "G_power_1000_1.3_18.txt": {"Nodes": 1000, "Edges": 8038, "Power": 1.3, "p": 0.016092092092092093, "Average Clustering Coefficient": 0.7523555793288035, "Pearson Degree Correlation": -0.4787315731777599, "Average Degree": 257.788}, "G_power_1000_1.3_19.txt": {"Nodes": 1000, "Edges": 1852, "Power": 1.3, "p": 0.0037077077077077077, "Average Clustering Coefficient": 0.6731316869326942, "Pearson Degree Correlation": -0.7936863938834401, "Average Degree": 251.602}, "G_power_1000_1.3_20.txt": {"Nodes": 1000, "Edges": 5594, "Power": 1.3, "p": 0.011199199199199199, "Average Clustering Coefficient": 0.8766105610140644, "Pearson Degree Correlation": -0.46325637602007647, "Average Degree": 255.344}}