{"G_power_1000_1.3_1.txt": {"Nodes": 1000, "Edges": 2318, "Power": 1.3, "p": 0.004640640640640641, "Average Clustering Coefficient": 0.6921667335136983, "Pearson Degree Correlation": -0.6444951662069713, "Average Degree": 252.068}, "G_power_1000_1.3_2.txt": {"Nodes": 1000, "Edges": 5990, "Power": 1.3, "p": 0.011991991991991992, "Average Clustering Coefficient": 0.7527068897206867, "Pearson Degree Correlation": -0.5464285467871202, "Average Degree": 255.74}, "G_power_1000_1.3_3.txt": {"Nodes": 1000, "Edges": 10065, "Power": 1.3, "p": 0.02015015015015015, "Average Clustering Coefficient": 0.840347826938902, "Pearson Degree Correlation": -0.5588336505268131, "Average Degree": 259.815}, "G_power_1000_1.3_4.txt": {"Nodes": 1000, "Edges": 8973, "Power": 1.3, "p": 0.017963963963963964, "Average Clustering Coefficient": 0.826170521059051, "Pearson Degree Correlation": -0.5323017973805232, "Average Degree": 258.723}, "G_power_1000_1.3_5.txt": {"Nodes": 1000, "Edges": 4598, "Power": 1.3, "p": 0.009205205205205205, "Average Clustering Coefficient": 0.6994721293877603, "Pearson Degree Correlation": -0.46181900869986275, "Average Degree": 254.348}, "G_power_1000_1.3_6.txt": {"Nodes": 1000, "Edges": 4264, "Power": 1.3, "p": 0.008536536536536537, "Average Clustering Coefficient": 0.8957889118770255, "Pearson Degree Correlation": -0.6064087007048065, "Average Degree": 254.014}, "G_power_1000_1.3_7.txt": {"Nodes": 1000, "Edges": 3999, "Power": 1.3, "p": 0.008006006006006006, "Average Clustering Coefficient": 0.5737163243755006, "Pearson Degree Correlation": -0.4690774635598253, "Average Degree": 253.749}, "G_power_1000_1.3_8.txt": {"Nodes": 1000, "Edges": 8038, "Power": 1.3, "p": 0.016092092092092093, "Average Clustering Coefficient": 0.7523555793288035, "Pearson Degree Correlation": -0.4787315731777599, "Average Degree": 257.788}, "G_power_1000_1.3_9.txt": {"Nodes": 1000, "Edges": 1852, "Power": 1.3, "p": 0.0037077077077077077, "Average Clustering Coefficient": 0.6731316869326942, "Pearson Degree Correlation": -0.7936863938834401, "Average Degree": 251.602}, "G_power_1000_1.3_10.txt": {"Nodes": 1000, "Edges": 5594, "Power": 1.3, "p": 0.011199199199199199, "Average Clustering Coefficient": 0.8766105610140644, "Pearson Degree Correlation": -0.46325637602007647, "Average Degree": 255.344}}