{"G_power_200_1.3_1.txt": {"Nodes": 200, "Edges": 403, "Power": 1.3, "p": 0.020251256281407035, "Average Clustering Coefficient": 0.4531507786634077, "Pearson Degree Correlation": -0.6030837907020028, "Average Degree": 51.765}, "G_power_200_1.3_2.txt": {"Nodes": 200, "Edges": 431, "Power": 1.3, "p": 0.02165829145728643, "Average Clustering Coefficient": 0.8891380414504322, "Pearson Degree Correlation": -0.8040946441637766, "Average Degree": 51.905}, "G_power_200_1.3_3.txt": {"Nodes": 200, "Edges": 396, "Power": 1.3, "p": 0.019899497487437186, "Average Clustering Coefficient": 0.24575203916803232, "Pearson Degree Correlation": -0.4949392662025385, "Average Degree": 51.73}, "G_power_200_1.3_4.txt": {"Nodes": 200, "Edges": 269, "Power": 1.3, "p": 0.013517587939698492, "Average Clustering Coefficient": 0.18330126116552833, "Pearson Degree Correlation": -0.6838912160668024, "Average Degree": 51.095}, "G_power_200_1.3_5.txt": {"Nodes": 200, "Edges": 517, "Power": 1.3, "p": 0.025979899497487437, "Average Clustering Coefficient": 0.5300042856619558, "Pearson Degree Correlation": -0.6324518792439765, "Average Degree": 52.335}, "G_power_200_1.3_6.txt": {"Nodes": 200, "Edges": 457, "Power": 1.3, "p": 0.022964824120603015, "Average Clustering Coefficient": 0.6280827196634082, "Pearson Degree Correlation": -0.6404010466501006, "Average Degree": 52.035}, "G_power_200_1.3_7.txt": {"Nodes": 200, "Edges": 274, "Power": 1.3, "p": 0.013768844221105527, "Average Clustering Coefficient": 0.2180236000495996, "Pearson Degree Correlation": -0.6828207939828657, "Average Degree": 51.12}, "G_power_200_1.3_8.txt": {"Nodes": 200, "Edges": 300, "Power": 1.3, "p": 0.01507537688442211, "Average Clustering Coefficient": 0.20048151415898186, "Pearson Degree Correlation": -0.625066653497559, "Average Degree": 51.25}, "G_power_200_1.3_9.txt": {"Nodes": 200, "Edges": 246, "Power": 1.3, "p": 0.012361809045226132, "Average Clustering Coefficient": 0.07260283741942034, "Pearson Degree Correlation": -0.7220359558152244, "Average Degree": 50.98}, "G_power_200_1.3_10.txt": {"Nodes": 200, "Edges": 588, "Power": 1.3, "p": 0.029547738693467336, "Average Clustering Coefficient": 0.7620406359160589, "Pearson Degree Correlation": -0.7135197810010091, "Average Degree": 52.69}}