{"G_power_1000_1.3_1.txt": {"Nodes": 1000, "Edges": 13087, "Power": 1.3, "p": 0.0262002002002002, "Average Clustering Coefficient": 0.8454319729924669, "Pearson Degree Correlation": -0.5857839791589234, "Average Degree": 262.837}, "G_power_1000_1.3_2.txt": {"Nodes": 1000, "Edges": 11576, "Power": 1.3, "p": 0.023175175175175176, "Average Clustering Coefficient": 0.8435620700802878, "Pearson Degree Correlation": -0.5730620462791134, "Average Degree": 261.326}, "G_power_1000_1.3_3.txt": {"Nodes": 1000, "Edges": 11819, "Power": 1.3, "p": 0.02366166166166166, "Average Clustering Coefficient": 0.8231055971160651, "Pearson Degree Correlation": -0.5134856844293394, "Average Degree": 261.569}, "G_power_1000_1.3_4.txt": {"Nodes": 1000, "Edges": 13283, "Power": 1.3, "p": 0.02659259259259259, "Average Clustering Coefficient": 0.8444874581261778, "Pearson Degree Correlation": -0.5859999277036946, "Average Degree": 263.033}, "G_power_1000_1.3_5.txt": {"Nodes": 1000, "Edges": 10510, "Power": 1.3, "p": 0.021041041041041042, "Average Clustering Coefficient": 0.8530246107146905, "Pearson Degree Correlation": -0.5271679615542284, "Average Degree": 260.26}, "G_power_1000_1.3_6.txt": {"Nodes": 1000, "Edges": 15420, "Power": 1.3, "p": 0.03087087087087087, "Average Clustering Coefficient": 0.8350699887566894, "Pearson Degree Correlation": -0.5549919203655262, "Average Degree": 265.17}, "G_power_1000_1.3_7.txt": {"Nodes": 1000, "Edges": 10831, "Power": 1.3, "p": 0.021683683683683685, "Average Clustering Coefficient": 0.8423895726056856, "Pearson Degree Correlation": -0.5993718460570586, "Average Degree": 260.581}, "G_power_1000_1.3_8.txt": {"Nodes": 1000, "Edges": 10090, "Power": 1.3, "p": 0.0202002002002002, "Average Clustering Coefficient": 0.8326423717285409, "Pearson Degree Correlation": -0.5667040457755873, "Average Degree": 259.84}, "G_power_1000_1.3_9.txt": {"Nodes": 1000, "Edges": 10110, "Power": 1.3, "p": 0.02024024024024024, "Average Clustering Coefficient": 0.7790585263531369, "Pearson Degree Correlation": -0.4941824129395116, "Average Degree": 259.86}, "G_power_1000_1.3_10.txt": {"Nodes": 1000, "Edges": 13092, "Power": 1.3, "p": 0.02621021021021021, "Average Clustering Coefficient": 0.8361041671904416, "Pearson Degree Correlation": -0.5312322574208491, "Average Degree": 262.842}}