{"G_power_500_1.3_1.txt": {"Nodes": 500, "Edges": 5181, "Power": 1.3, "p": 0.041531062124248494, "Average Clustering Coefficient": 0.8182264772954749, "Pearson Degree Correlation": -0.620222962973933, "Average Degree": 135.112}, "G_power_500_1.3_2.txt": {"Nodes": 500, "Edges": 2151, "Power": 1.3, "p": 0.01724248496993988, "Average Clustering Coefficient": 0.5623560403710225, "Pearson Degree Correlation": -0.4733419131830088, "Average Degree": 129.052}, "G_power_500_1.3_3.txt": {"Nodes": 500, "Edges": 2324, "Power": 1.3, "p": 0.018629258517034068, "Average Clustering Coefficient": 0.8769390030704415, "Pearson Degree Correlation": -0.5700444817134449, "Average Degree": 129.398}, "G_power_500_1.3_4.txt": {"Nodes": 500, "Edges": 578, "Power": 1.3, "p": 0.0046332665330661325, "Average Clustering Coefficient": 0.06894987105932023, "Pearson Degree Correlation": -0.7817918353524183, "Average Degree": 125.906}, "G_power_500_1.3_5.txt": {"Nodes": 500, "Edges": 3193, "Power": 1.3, "p": 0.025595190380761523, "Average Clustering Coefficient": 0.7252662389394205, "Pearson Degree Correlation": -0.487595386767115, "Average Degree": 131.136}, "G_power_500_1.3_6.txt": {"Nodes": 500, "Edges": 3553, "Power": 1.3, "p": 0.028480961923847695, "Average Clustering Coefficient": 0.8181069990292255, "Pearson Degree Correlation": -0.5935399878246885, "Average Degree": 131.856}, "G_power_500_1.3_7.txt": {"Nodes": 500, "Edges": 1576, "Power": 1.3, "p": 0.012633266533066132, "Average Clustering Coefficient": 0.8659481235943232, "Pearson Degree Correlation": -0.7402026398788415, "Average Degree": 127.902}, "G_power_500_1.3_8.txt": {"Nodes": 500, "Edges": 959, "Power": 1.3, "p": 0.007687374749498998, "Average Clustering Coefficient": 0.16571956169222296, "Pearson Degree Correlation": -0.4559405539811173, "Average Degree": 126.668}, "G_power_500_1.3_9.txt": {"Nodes": 500, "Edges": 2641, "Power": 1.3, "p": 0.021170340681362726, "Average Clustering Coefficient": 0.7195533171779904, "Pearson Degree Correlation": -0.4841456246663721, "Average Degree": 130.032}, "G_power_500_1.3_10.txt": {"Nodes": 500, "Edges": 912, "Power": 1.3, "p": 0.00731062124248497, "Average Clustering Coefficient": 0.19284820234488667, "Pearson Degree Correlation": -0.4888238887604297, "Average Degree": 126.574}}