{"G_random_500_0.005.txt": {"Nodes": 500, "Edges": 661, "p": 0.005, "Average Clustering Coefficient": 0.0, "Pearson Degree Correlation": -0.0031998713472628005, "Average Degree": 126.072}, "G_random_500_0.009444444444444445.txt": {"Nodes": 500, "Edges": 1133, "p": 0.009444444444444445, "Average Clustering Coefficient": 0.008187012987012987, "Pearson Degree Correlation": -0.004793658430262978, "Average Degree": 127.016}, "G_random_500_0.013888888888888888.txt": {"Nodes": 500, "Edges": 1660, "p": 0.013888888888888888, "Average Clustering Coefficient": 0.01043006993006992, "Pearson Degree Correlation": 0.0180165633581352, "Average Degree": 128.07}, "G_random_500_0.018333333333333333.txt": {"Nodes": 500, "Edges": 2265, "p": 0.018333333333333333, "Average Clustering Coefficient": 0.019554149445325898, "Pearson Degree Correlation": 0.001481543994958001, "Average Degree": 129.28}, "G_random_500_0.02277777777777778.txt": {"Nodes": 500, "Edges": 2764, "p": 0.02277777777777778, "Average Clustering Coefficient": 0.021226721403811193, "Pearson Degree Correlation": 0.02449263410498595, "Average Degree": 130.278}, "G_random_500_0.027222222222222224.txt": {"Nodes": 500, "Edges": 3337, "p": 0.027222222222222224, "Average Clustering Coefficient": 0.027509557784911123, "Pearson Degree Correlation": 0.031241359668664384, "Average Degree": 131.424}, "G_random_500_0.03166666666666666.txt": {"Nodes": 500, "Edges": 3901, "p": 0.03166666666666666, "Average Clustering Coefficient": 0.030728473873035705, "Pearson Degree Correlation": -0.0018927557590199112, "Average Degree": 132.552}, "G_random_500_0.03611111111111111.txt": {"Nodes": 500, "Edges": 4487, "p": 0.03611111111111111, "Average Clustering Coefficient": 0.03552845892158842, "Pearson Degree Correlation": -0.0029040497843469174, "Average Degree": 133.724}, "G_random_500_0.04055555555555555.txt": {"Nodes": 500, "Edges": 5119, "p": 0.04055555555555555, "Average Clustering Coefficient": 0.04242903329881761, "Pearson Degree Correlation": -0.001342831650068435, "Average Degree": 134.988}, "G_random_500_0.045.txt": {"Nodes": 500, "Edges": 5605, "p": 0.045, "Average Clustering Coefficient": 0.0438501166960294, "Pearson Degree Correlation": -0.020514536880362214, "Average Degree": 135.96}}