{"G55.txt": {"number of nodes": 5001, "number of edges": 12498, "diameter": 11, "average_path_length": 5.462353710557793, "clustering_coefficient": 0.0010996716922194243, "average_degree": 4.998200359928014, "std_degree": 2.260436870536033, "girth": 3, "is connected": false, "MIS": 1731}, "G2.txt": {"number of nodes": 801, "number of edges": 19176, "diameter": 3, "average_path_length": 1.9932102628285358, "clustering_coefficient": 0.059515216277218654, "average_degree": 47.88014981273408, "std_degree": 6.729339712135689, "girth": 3, "is connected": false, "MIS": 64}, "G3.txt": {"number of nodes": 801, "number of edges": 19176, "diameter": 3, "average_path_length": 1.9932665832290364, "clustering_coefficient": 0.06018277416669754, "average_degree": 47.88014981273408, "std_degree": 6.865980692075106, "girth": 3, "is connected": false, "MIS": 60}, "G1.txt": {"number of nodes": 801, "number of edges": 19176, "diameter": 3, "average_path_length": 1.9914299123904882, "clustering_coefficient": 0.05925131074653879, "average_degree": 47.88014981273408, "std_degree": 6.53565027918518, "girth": 3, "is connected": false, "MIS": 59}, "G4.txt": {"number of nodes": 801, "number of edges": 19176, "diameter": 3, "average_path_length": 1.9929005006257823, "clustering_coefficient": 0.059141829052138016, "average_degree": 47.88014981273408, "std_degree": 6.87960440589073, "girth": 3, "is connected": false, "MIS": 67}, "G5.txt": {"number of nodes": 801, "number of edges": 19176, "diameter": 3, "average_path_length": 1.9928128911138923, "clustering_coefficient": 0.05969280855612177, "average_degree": 47.88014981273408, "std_degree": 6.855972762808545, "girth": 3, "is connected": false, "MIS": 66}, "G22.txt": {"number of nodes": 2001, "number of edges": 19990, "diameter": 4, "average_path_length": 2.8308769384692347, "clustering_coefficient": 0.010455808282699073, "average_degree": 19.980009995002497, "std_degree": 4.5645572193363675, "girth": 3, "is connected": false, "MIS": 307}, "G23.txt": {"number of nodes": 2001, "number of edges": 19990, "diameter": 4, "average_path_length": 2.8295477738869437, "clustering_coefficient": 0.00982462997902776, "average_degree": 19.980009995002497, "std_degree": 4.436074933935438, "girth": 3, "is connected": false, "MIS": 301}, "G24.txt": {"number of nodes": 2001, "number of edges": 19990, "diameter": 4, "average_path_length": 2.830777888944472, "clustering_coefficient": 0.009632418899030762, "average_degree": 19.980009995002497, "std_degree": 4.559627736707392, "girth": 3, "is connected": false, "MIS": 310}, "G25.txt": {"number of nodes": 2001, "number of edges": 19990, "diameter": 4, "average_path_length": 2.830017008504252, "clustering_coefficient": 0.009954914066661165, "average_degree": 19.980009995002497, "std_degree": 4.525744029481767, "girth": 3, "is connected": false, "MIS": 307}, "G26.txt": {"number of nodes": 2001, "number of edges": 19990, "diameter": 4, "average_path_length": 2.8300220110055028, "clustering_coefficient": 0.010586357858354082, "average_degree": 19.980009995002497, "std_degree": 4.582586622184587, "girth": 3, "is connected": false, "MIS": 304}, "G17.txt": {"number of nodes": 801, "number of edges": 4667, "diameter": 5, "average_path_length": 2.8609668335419274, "clustering_coefficient": 0.15339112600765295, "average_degree": 11.652933832709113, "std_degree": 11.782650632898577, "girth": 3, "is connected": false, "MIS": 205}, "G16.txt": {"number of nodes": 801, "number of edges": 4672, "diameter": 5, "average_path_length": 2.877008760951189, "clustering_coefficient": 0.15423202946037637, "average_degree": 11.66541822721598, "std_degree": 11.57207949447006, "girth": 3, "is connected": false, "MIS": 210}, "G14.txt": {"number of nodes": 801, "number of edges": 4694, "diameter": 5, "average_path_length": 2.8687640801001253, "clustering_coefficient": 0.15350911056207536, "average_degree": 11.720349563046192, "std_degree": 11.535612681073477, "girth": 3, "is connected": false, "MIS": 217}, "G15.txt": {"number of nodes": 801, "number of edges": 4660, "diameter": 5, "average_path_length": 2.842415519399249, "clustering_coefficient": 0.1469263429942773, "average_degree": 11.6354556803995, "std_degree": 12.1145980934012, "girth": 3, "is connected": false, "MIS": 225}, "G70.txt": {"number of nodes": 10001, "number of edges": 9999, "diameter": 29, "average_path_length": 12.578012816920376, "clustering_coefficient": 0.0, "average_degree": 1.9996000399960003, "std_degree": 1.4005726256242599, "girth": 4, "is connected": false, "MIS": 4109}}